{"cameraMode":{"drawMode":0,"name":"Shaded","section":"Shading Mode"},"sceneLighting":false,"audioPlay":false,"sceneViewState":{"showFog":true,"showMaterialUpdate":false,"showSkybox":true,"showFlares":true,"showImageEffects":true,"showParticleSystems":true},"in2DMode":false,"pivot":{"x":2.2664103507995607,"y":1.0498480796813965,"z":4.06975793838501},"rotation":{"x":0.19611744582653047,"y":0.624278724193573,"z":-0.16594983637332917,"w":0.7377497553825378},"size":17.68669891357422,"orthographic":false}