{"cameraMode":{"drawMode":0,"name":"Shaded","section":"Shading Mode"},"sceneLighting":false,"audioPlay":false,"sceneViewState":{"showFog":true,"showMaterialUpdate":false,"showSkybox":true,"showFlares":true,"showImageEffects":true,"showParticleSystems":true},"in2DMode":false,"pivot":{"x":10.527235984802246,"y":0.8505464792251587,"z":-2.764402151107788},"rotation":{"x":0.17047905921936036,"y":-0.0038486109115183355,"z":0.000668306602165103,"w":0.9853535890579224},"size":1.9241421222686768,"orthographic":false}